{"lr": 0.001, "data_time": 0.0023941755294799804, "loss": 0.5240542322397232, "time": 1.3739452600479125, "epoch": 1, "iter": 72, "step": 72}
{"accuracy/top1": 90.90908813476562, "data_time": 1.3751725620693631, "time": 1.908348388142056, "step": 1}
{"lr": 0.001, "data_time": 0.0014016866683959962, "loss": 0.33487655967473984, "time": 0.6992890119552613, "epoch": 2, "iter": 144, "step": 144}
{"accuracy/top1": 93.5314712524414, "data_time": 0.0037748939112613074, "time": 0.2900051945134213, "step": 2}
{"lr": 0.001, "data_time": 0.0012886524200439453, "loss": 0.26647753864526746, "time": 0.681231689453125, "epoch": 3, "iter": 216, "step": 216}
{"accuracy/top1": 94.40559387207031, "data_time": 0.003478238457127621, "time": 0.2635330400968853, "step": 3}
{"lr": 0.001, "data_time": 0.0017389297485351563, "loss": 0.2899292781949043, "time": 0.7794235467910766, "epoch": 4, "iter": 288, "step": 288}
{"accuracy/top1": 94.23077392578125, "data_time": 0.0039532435567755445, "time": 0.2917564793636924, "step": 4}
{"lr": 0.001, "data_time": 0.001708650588989258, "loss": 0.3209031790494919, "time": 0.7275571346282959, "epoch": 5, "iter": 360, "step": 360}
{"accuracy/top1": 94.7552490234375, "data_time": 0.0037464091652318053, "time": 0.2917327504408987, "step": 5}
{"lr": 0.001, "data_time": 0.0015767574310302734, "loss": 0.296461121737957, "time": 0.7807479619979858, "epoch": 6, "iter": 432, "step": 432}
{"accuracy/top1": 95.10489654541016, "data_time": 0.003984689712524414, "time": 0.2977273464202881, "step": 6}
{"lr": 0.001, "data_time": 0.0017886161804199219, "loss": 0.18016446828842164, "time": 0.797295618057251, "epoch": 7, "iter": 504, "step": 504}
{"accuracy/top1": 95.27972412109375, "data_time": 0.00408692108957391, "time": 0.29885905667355184, "step": 7}
{"lr": 0.001, "data_time": 0.0018689155578613282, "loss": 0.1810466531664133, "time": 0.799438214302063, "epoch": 8, "iter": 576, "step": 576}
{"accuracy/top1": 95.10489654541016, "data_time": 0.0040271407679507605, "time": 0.3028651664131566, "step": 8}
{"lr": 0.001, "data_time": 0.0015681028366088868, "loss": 0.1452687693759799, "time": 0.7913149833679199, "epoch": 9, "iter": 648, "step": 648}
{"accuracy/top1": 95.80419921875, "data_time": 0.0036321439241108144, "time": 0.2967922436563592, "step": 9}
{"lr": 0.001, "data_time": 0.0015591859817504882, "loss": 0.18316180035471916, "time": 0.766590690612793, "epoch": 10, "iter": 720, "step": 720}
{"accuracy/top1": 96.15384674072266, "data_time": 0.00411065001236765, "time": 0.29627590430410283, "step": 10}
